height,wave_length,speed
7.859968882703573036e+04,1.927337789213947190e+03,5.485591807400020770e+01
3.508728292497486564e+03,1.522167233757785471e+04,1.458730544044660746e+02
8.644828213869968022e+04,1.615154931802332976e+04,1.588004261082879225e+02
9.133404020896699512e+04,4.746878478888283280e+04,2.722379253181948116e+02
7.795763508136755263e+04,2.936752613670966093e+04,2.141303621387688167e+02
1.365584828422533747e+03,2.101861003744628306e+03,5.726944351439054515e+01
3.825887564008202844e+03,2.482822661750618863e+03,6.226119015330246498e+01
1.190461897729034536e+04,7.154309316187827790e+03,1.056886682703975424e+02
2.505694360671584582e+04,1.102145375564367532e+04,1.311789078780563500e+02
8.227022139976421022e+04,3.999004161939634650e+04,2.498736711808235214e+02
4.252167376600197279e+00,7.285485161853491445e+04,6.458619054761957301e+00
5.271760991373681463e+03,3.664812565502461803e+04,2.027119978508690394e+02
6.420878526796535152e+04,3.747571832685755453e+03,7.649262282798109425e+01
1.749576804796741635e+04,1.783690226797834111e+04,1.668792579285240834e+02
7.160911488662532065e+02,6.259509045482594956e+04,8.374234659213989573e+01
1.567166029044816969e+04,1.213559286726036134e+03,4.352863700971929717e+01
1.175419143966790944e+04,3.183157723871677081e+04,2.207905189465344904e+02
5.070336621638606545e+01,9.410080452708010853e+04,2.230242413398052648e+01
8.082368955047833151e+04,1.372652968389785383e+04,1.463945625604607415e+02
5.807968919930364393e+01,1.069332179092674835e+02,1.290711749515931217e+01
7.121260039971715014e+04,4.774284701692524686e+04,2.730226785490118573e+02
2.153218180843536175e+04,1.546063276777060673e+04,1.553667892702631832e+02
1.666383072222605222e+02,8.055425028766671312e+04,4.043055457737178671e+01
6.737545702318231633e+04,6.845930989618166507e+01,1.033857845972796952e+01
6.143985675030609127e+04,4.637063048282744421e+04,2.690704743928414473e+02
5.242341967291948822e+04,5.765531009846222150e+04,3.000264121457203146e+02
4.362290995559528142e+02,4.440350579982373893e+04,6.537568753738983673e+01
4.030346983682292921e+04,2.761178409559583088e+04,2.076308104921682798e+02
9.913866470969794318e+04,6.700082663141535886e+04,3.234332362554030738e+02
6.064477210529034346e+04,1.266472958264915292e+02,1.406185223929178818e+01
4.671801607021926429e+03,9.069624251574208029e+04,2.104625071839651014e+02
7.517094325408344275e+02,1.152251490806493712e+04,8.358975914002220975e+01
9.663181454320567718e+04,5.576314477818867454e+04,2.950653403092316012e+02
5.589473793377488619e+04,4.001431305342138330e+03,7.904096835349294281e+01
9.765397672676572984e+04,9.049956279420424835e+04,3.758956061203512604e+02
6.300362536420657125e+04,8.785239884803024324e+03,1.171173890244356386e+02
1.818288180250382538e+03,2.720064118997519108e+04,1.298367530979153912e+02
1.453009404727067931e+03,1.853916200137728447e+04,1.149068611058356026e+02
5.019704164550625137e+03,2.381768121553711171e+04,1.796433804905895784e+02
3.993395793532419339e+04,8.505386473650769040e+04,3.634142614890394043e+02
5.004231371919422963e+04,1.405843132352023076e+03,4.685036744091036098e+01
6.038360827078397415e+04,7.505240923066412506e+04,3.423018377391405238e+02
1.673771907268853465e+04,4.708608541121670714e+04,2.680427575997215399e+02
1.255961831092152534e+04,2.495305368046808508e+04,1.970283116511546950e+02
8.279141079683542193e+04,2.999007157352416834e+04,2.163880736096281225e+02
8.654063579965768440e+02,4.666033616538300703e+04,9.193157151821569073e+01
4.292356415776578615e+03,1.209813124594162446e+03,4.346140034049482637e+01
1.071937336263996258e+04,4.362842155405805534e+04,2.493476294830042548e+02
6.647765224879115704e+04,2.673839547870738897e+04,2.043206402294486281e+02
2.186111243886248485e+04,7.544729756323566835e+04,3.343302285345821474e+02
7.435254941969616630e+04,1.511128677783583726e+03,4.857304091175998906e+01
8.560181137197335192e+04,1.910612920466426294e+04,1.727153450928874463e+02
8.097973346107747602e+03,6.348741842730977805e+04,2.567121846205939164e+02
9.922671979594897493e+03,3.282186854249845283e+02,2.263738308698698276e+01
1.413751852139285120e+03,9.175065335060807411e+04,1.175828878737978869e+02
2.038951764746042500e+03,2.956932535324438140e+04,1.372512695461766157e+02
6.777934634438742069e+04,2.254310969234347431e+04,1.876080552837615585e+02
6.577057718705028492e+03,3.469330634400608687e+04,2.121538178725425041e+02
7.068751705067461444e+02,9.258687084527146362e+04,8.324140334010711229e+01
7.925071486123812792e+04,2.977120388523729707e+04,2.155970270942903539e+02
9.344698705626471565e+03,4.728116926188785146e+04,2.499003107816736531e+02
6.715493369980661373e+04,1.383172923284045055e+03,4.647108461630563170e+01
4.107323672127448617e+02,1.298697509113695014e+04,6.306404167470132904e+01
4.689318947789788945e+04,8.080593203994055511e+04,3.549527945999854524e+02
6.176501327731705260e+02,8.819458692457756115e+03,7.547296075048001285e+01
2.017874321727604911e+04,1.791953832066769974e+04,1.672659983574010312e+02
1.464089887549920604e+04,2.443359452817942838e+03,6.176440339771970400e+01
6.641365629964528125e+03,4.659895942291658685e+03,8.529678688321483548e+01
8.859554755844916144e+03,4.712283188810135471e+03,8.577490790289535028e+01
5.317938973862235798e+03,2.770607640332707888e+03,6.577064232413584932e+01
5.170096663493320375e+04,3.961077343928322807e+04,2.486859204671360999e+02
1.931809735673022260e+03,6.124051764168395312e+04,1.367725738237268445e+02
3.920570326760358876e+04,1.169769755387121904e+03,4.273608787794243824e+01
2.583155738892369754e+03,2.454195122594120221e+03,6.190109496662545752e+01
9.525284275391559640e+04,1.107362346695213319e+03,4.158047494152118162e+01
3.570149289354871871e+04,1.586643579148038589e+04,1.573925815735243532e+02
2.687536509917554213e+04,3.493244252270975994e+04,2.335240234977318323e+02
4.030444179131479177e+04,8.660028874261401143e+03,1.162797902047796157e+02
1.715773300627861681e+04,1.252190754125564354e+03,4.421603709029154317e+01
5.640917003798336373e+04,1.901606591982219072e+02,1.723077877637662780e+01
2.230570740383909651e+04,3.771458456272211606e+03,7.673601352154044264e+01
4.321960924819918728e+04,2.120011786906011912e+04,1.819339326633533176e+02
2.036986182725349181e+03,4.745329289901943412e+04,1.396852897043290795e+02
5.702279430106933432e+04,2.301394465365548967e+04,1.895571199847310879e+02
2.629173638826017850e+04,2.892863699085849930e+03,6.720607857999205237e+01
3.166284436584069681e+03,8.554176427469112969e+04,1.746799654752141180e+02
1.609159098325383638e+04,2.686372908989305415e+03,6.476311345451050272e+01
3.152836501910950756e+04,5.531111986906238371e+02,2.938669836940268354e+01
5.162169136844976691e+01,5.213292891184159089e+04,2.250338326593657357e+01
8.364928600041990285e+04,3.177613704523115302e+04,2.227384121954456191e+02
3.004810275519911374e+04,9.664041394985228180e+03,1.228355176262028721e+02
9.111282886593526200e+03,7.589790309318059008e+04,2.748938719522626002e+02
4.238578063160897000e+04,1.184769024801635169e+03,4.300920501842333010e+01
4.873938365898940361e+01,1.116332778305455395e+04,2.186351872045534606e+01
3.075605565058663615e+03,5.183524598270420029e+03,8.990962488635979355e+01
3.696613708830871474e+04,5.240984476500476376e+03,9.045883831704806255e+01
1.777659210985201298e+03,6.641990587330833660e+04,1.314393106590524098e+02
9.594125763759907568e+04,7.083162451791504282e+03,1.051618386537598440e+02
8.434995851727153058e+04,1.118223183793138924e+04,1.321322454907215160e+02
1.580458826895090897e+04,5.853563625191292203e+02,3.023115508088830339e+01
1.959958537008842086e+03,2.061659820955607211e+04,1.312465111629236105e+02
9.152425896108153393e+04,9.723439344776346115e+04,3.896290739646935322e+02
2.633260979686225619e+04,5.699302245677170504e+03,9.433121191882092660e+01
4.577428177055605920e+04,1.799561418468026886e+03,5.300635078354884655e+01
2.894095896807342069e+04,1.446370921564480886e+04,1.502741951079501632e+02
7.789541420291682698e+03,1.684287110121868636e+03,5.128054498518746840e+01
7.900701992274546683e+03,9.124628635521814431e+03,1.193559288094538005e+02
1.761188738357407055e+04,6.140537845799052593e+04,3.013200961644410540e+02
6.415055082138917896e+03,9.569359810707898578e+04,2.438368316357926631e+02
2.646187287662595554e+04,4.828365695029249036e+04,2.742844873760689097e+02
8.252367746827283554e+03,5.706571343281432928e+04,2.533612475425736079e+02
2.867899535401825779e+04,4.715741875421409350e+04,2.712134601878102558e+02
3.704426942131970918e+03,4.299085911466849211e+04,1.821039896577913737e+02
5.309604184894118589e+03,6.498368456638827047e+04,2.189683597647508861e+02
5.200156609168089926e+04,9.549894686361076310e+03,1.221079276451739872e+02
3.803021722174688330e+04,9.526794221155178093e+03,1.219601533561655913e+02
7.696198295241111191e+04,5.677843325594524515e+01,9.415345726916617863e+00
2.000562648504080425e+04,6.743930783993752266e+04,3.167786269998007924e+02
3.706685033246315288e+04,4.851554702216568694e+04,2.752045752568354828e+02
9.830093755967458128e+04,3.761240119768076056e+03,7.663198927533629501e+01
3.811262831833111704e+04,7.182378116663138826e+03,1.058957917857918716e+02
6.612325033642865719e+02,5.556378523741789832e+04,8.046507902410486679e+01
4.305845325978075562e+04,6.065741740794902580e+04,3.077007044266532603e+02
9.886302633326704381e+04,1.517871325000584875e+03,4.868128660877950153e+01
1.264633695481560062e+04,2.015609088121646892e+03,5.609804460682325811e+01
7.324370999770067283e+04,5.085194832893855346e+04,2.817723422129861888e+02
1.017618862072310185e+04,1.857446998056424491e+04,1.701211522031830441e+02
1.490363218457635412e+04,2.376653160448405106e+04,1.925587412092390878e+02
1.223129781902359582e+03,3.252070271862897062e+04,1.085376541352979558e+02
3.885344042228645412e+04,1.442406919599333378e+03,4.745570920040162832e+01
9.363563551653319155e+04,3.049073192735433622e+04,2.181868108144595908e+02
2.412487773360812298e+03,1.508995925668588097e+04,1.341184917130510996e+02
9.817632693662546808e+04,5.002215215125802933e+04,2.794639260416896605e+02
6.292507515230274294e+04,1.967958320787873527e+04,1.752881339268930105e+02
9.817505665374657156e+02,4.338657859439023014e+04,9.780899833133250354e+01
2.459383219672924952e+02,2.131294905456938795e+04,4.907582051674233981e+01
1.578528178057650803e+04,7.582049454981311283e+04,3.197744997486116745e+02
4.950333608100264973e+04,6.988978361293890339e+04,3.302875730118643105e+02
6.640368170996349363e+04,1.553187671205669358e+04,1.557243535895263165e+02
7.041336242153699914e+02,4.174615093618289308e+01,8.073331565902231333e+00
1.078654486863125203e+04,8.454240871236273961e+04,2.962647596727564974e+02
1.005600774675942375e+04,3.986040748333841321e+01,7.888881573342640507e+00
3.147430711007330046e+03,7.325757133830223756e+04,1.736303963158947283e+02
9.223053460745667689e+04,2.521204646942137697e+04,1.984031755408826996e+02
2.249512008700098158e+04,3.647315543739320128e+04,2.385306800566357026e+02
2.462824589193691645e+04,1.953868770556277013e+04,1.746594981115742087e+02
7.499710320777054221e+03,2.217830211374214286e+03,5.884488481578097918e+01
5.695352666197730287e+04,7.549328355821330661e+02,3.433197022136324961e+01
8.871846587393304799e+04,3.944837273964781343e+04,2.481756203092778037e+02
4.632348733091272152e+04,1.730575028167214987e+04,1.643765215265997313e+02
8.157943277352838777e+04,5.320006885041980422e+04,2.882044384570390321e+02
8.041174698266891937e+03,2.487443514106608927e+04,1.937076582241352298e+02
3.892404216986695246e+04,1.699474653521999471e+03,5.151122942852670406e+01
5.888622501771795214e+03,5.136562266644906776e+04,2.224639507847277287e+02
2.965607958728223252e+02,4.988184037428136799e+04,5.392503089339174238e+01
8.217495678515966574e+04,1.103504815639680601e+03,4.150798832251513204e+01
2.511653800795230563e+04,1.541624191667023661e+04,1.551435866468445965e+02
9.663350056887022220e+04,1.603501103208784798e+03,5.003561026101658626e+01
2.785051186665524483e+02,2.102147133424120693e+04,5.220959595318797852e+01
3.622505608138996467e+04,5.483245562459729990e+04,2.925200914339962424e+02
7.648690866285696393e+04,2.039355335998535884e+04,1.784395097164708943e+02
2.418209584888504833e+04,6.128231693014674966e+04,3.071584712344873651e+02
6.733758458823355613e+04,8.497588063716424222e+04,3.642267542115597507e+02
1.820643177272220782e+04,6.803986916613108770e+04,3.148282215272647591e+02
2.668459603489364235e+04,4.659291261879748163e+03,8.529125395701535695e+01
9.168363340838406293e+04,3.267038677380135778e+04,2.258508386162611430e+02
8.757214432851931178e+02,2.944190401664427554e+04,9.215306957141177691e+01
9.851654442237649346e+04,4.543743147195247730e+04,2.663492364463730269e+02
5.559541782064735162e+04,9.316082361428756849e+04,3.811718657878034264e+02
1.392197354281467415e+04,8.055076686432921633e+03,1.121448692780853946e+02
5.645440603816728981e+04,2.972985838824398888e+04,2.154472672147553851e+02
1.400886055971450617e+02,5.117669942487412482e+04,3.706930977142010875e+01
1.969090092853044916e+04,8.199393968209814921e+04,3.407047491925761733e+02
4.325094248487388882e+01,2.094228972770238761e+04,2.059776523407488824e+01
5.601737705283014293e+03,3.652553350231210970e+03,7.551667360512959704e+01
3.216069917307849028e+04,6.356502017369962232e+03,9.962163475962998405e+01
6.195500964130654029e+04,6.941132559041152126e+04,3.291955054408276737e+02
1.191799098409235285e+03,8.237278051342077379e+04,1.079789254696814709e+02
1.355234846305253086e+04,2.536371899453463993e+04,1.987577790077667430e+02
3.658685678590230964e+04,9.817506152310207835e+04,3.879070830600766726e+02
4.037368419772969474e+01,4.630725520089990459e+04,1.990130347785657605e+01
8.117079034527395561e+04,6.103072088500393147e+04,3.086873236960068994e+02
5.185810984100856149e+04,3.529949266809527035e+04,2.347625386367427609e+02
5.722183918557592551e+04,5.703903054515209305e+02,2.984218629873217310e+01
6.029970375117458752e+04,4.020667714091922971e+04,2.505495678187562021e+02
3.493290468469147072e+03,3.686876445578991934e+03,7.587014806733628802e+01
9.205370146419159937e+03,7.413282135585822107e+04,2.748834848907384867e+02
8.483458616154655465e+04,1.152871953364227764e+00,1.341637246044761866e+00
1.208869298086434796e+01,2.175534392687950003e+03,1.088769564367391496e+01
6.534302157707852166e+04,1.947175491662494824e+04,1.743601029704713312e+02
1.845783814972430628e+04,9.868499384126666700e+04,3.567317681431338769e+02
5.202896270346343954e+04,1.169250988142410461e+04,1.351134060938686900e+02
8.649283440818566305e+04,1.102298833054227725e+04,1.311880399244355999e+02
9.010810052703702240e+04,5.078633412662315095e+04,2.815905021168284748e+02
3.237267996937389853e+03,1.668143949508561946e+03,5.103420241250555023e+01
2.045038459980932885e+03,8.672316404311590304e+04,1.411251209839051057e+02
1.665579480663266804e+04,8.787868867416246212e+04,3.376343890961396141e+02
5.785486504642816726e+04,3.868645409763858538e+02,2.457672625214857476e+01
5.119350072315742000e+04,1.037221717917515343e+04,1.272566160097588579e+02
7.795332212973128480e+04,2.015131516748581589e+03,5.609139837579911614e+01
9.573668065936850326e+03,1.753939383661036118e+04,1.653087943958964274e+02
4.318683039007886691e+04,1.125441527400429914e+04,1.325580288718810209e+02
5.416556742156214023e+04,2.103881658258587777e+04,1.812404881493011715e+02
3.130518585289566545e+04,1.831176864505863705e+04,1.690868041127341996e+02
9.297246904611225182e+04,2.053884913237519868e+03,5.662818235564613190e+01
3.925146933394125517e+04,2.998114220838115216e+02,2.163558570814950244e+01
1.526451316615307223e+04,2.917995816537758742e+02,2.134454502722206115e+01
3.047494106477258902e+04,2.196549482981889378e+04,1.851889432779683489e+02
5.015780250278509811e+03,6.353176154852236505e+04,2.133779795474620755e+02
1.519049035908292353e+03,5.260751207217042975e+04,1.214104274232896898e+02
2.420506769515806081e+04,1.223670462359983958e+03,4.370959756700282384e+01
1.125156600633303788e+04,3.673743140981874831e+02,2.394963856318095097e+01
1.227006942112467732e+04,5.822076278313779039e+04,2.808656532169196112e+02
1.016941127655234595e+04,6.275228917484168960e+03,9.898271354747684825e+01
4.627036535250073212e+04,4.097146735702811566e+04,2.529210816150850860e+02
4.448238177703208930e+04,3.770060659333623335e+04,2.426155208335558200e+02
2.551016338152782919e+04,1.327336869355023737e+04,1.439577825747225290e+02
4.908819092130653007e+04,4.558509950090945495e+03,8.436377855741422138e+01
5.360753060416612925e+02,1.184280064460395079e+04,7.156494611185247834e+01
1.398449055607165064e+04,5.506841944295460416e+04,2.814015659132712699e+02
3.401122288022282873e+02,7.361464801330518640e+03,5.697221329429898873e+01
9.193884986832227150e+04,4.586410371202057286e+04,2.675968672943372439e+02
3.396283072440205615e+03,4.864399883459092234e+04,1.770110071822407747e+02
7.248486445592370001e+04,7.158025355639794725e+04,3.343027072391645333e+02
4.413721379852658720e+04,1.368523229953740520e+04,1.461741766812261289e+02
1.861630498841737790e+04,7.938402585674767033e+04,3.340330762482932414e+02
3.448224538284753362e+04,1.402663188788465777e+04,1.479862173207093576e+02
8.363039083119339193e+04,3.256086831740686830e+04,2.254719695292960182e+02
8.342656386259043938e+04,1.874530799907735127e+04,1.710766982293139620e+02
2.380456100196927582e+04,8.802362081830622628e+04,3.585265475117957976e+02
6.534939824474937268e+03,1.958916074627333501e+03,5.530348307547266273e+01
2.359895011849809453e+04,9.081736289783548273e+04,3.624420041511816066e+02
1.542182130040051379e+04,7.107301681568623462e+04,3.119887194182650774e+02
8.412293363451728510e+03,1.637515896607319519e+03,5.056352372009058627e+01
5.846761802027911472e+03,6.343708433208993665e+04,2.273816364316826650e+02
3.989608956216160891e+02,3.168306081951603846e+04,6.249528084682825124e+01
7.737471454474636994e+04,2.598990226626024480e+01,6.370109425468067244e+00
7.034964734091401624e+04,4.325205173197666591e+04,2.598650810566956579e+02
1.536097188432026815e+04,2.025639967465508016e+04,1.778255386134045750e+02
2.353630280565238081e+03,6.544671489647962153e+04,1.506785240935298020e+02
4.827663637319641566e+03,7.095175318883325963e+04,2.113539288359160082e+02
2.554201493106656562e+04,1.003708554144926748e+05,3.800121749595675738e+02
4.237689517268328814e+02,4.298031531465068838e+04,6.443495540033330826e+01
3.535728451369581308e+04,8.083321972482212004e+04,3.538007087342913337e+02
9.625862315779416531e+04,4.800797615150921047e+04,2.737797159149078539e+02
4.584083968966705811e+02,1.121184942610078750e+01,4.183918323146398777e+00
3.562190151702742696e+03,5.337949451108917856e+04,1.817460606043968028e+02
1.730100268800039339e+04,8.257998113184548856e+04,3.341258632800373789e+02
2.504922174208927026e+04,1.793146503529172696e+04,1.673217684420222042e+02
7.641220158571758475e+03,7.028115443795216561e+04,2.552072218409029745e+02
6.480589368109495808e+03,1.390384281443967893e+03,4.659206875601125120e+01
2.992300081952814139e+02,1.545960761738495603e+04,5.404682759592971308e+01
5.692835380630251620e+02,9.538235597148942179e+04,7.471315181917978521e+01
1.789673228632507289e+03,7.757710513600144395e+02,3.480257309142262301e+01
4.199361171528719569e+04,5.738843227351253518e+02,2.993344830092938480e+01
1.615490311877650242e+01,9.067083682750748994e+04,1.258886545289388970e+01
2.795634028393939661e+04,8.543220897019849872e+03,1.154929268314141524e+02
1.010062425355189625e+05,8.252767645960915252e+04,3.589585379188051206e+02
6.869710278668564740e+01,9.513528701555465523e+04,2.595985273734816801e+01
8.661219747304648990e+03,3.021867539054954977e+04,2.113652278407622020e+02
1.994602824974313626e+04,7.810867896662658723e+02,3.492160662276889127e+01
1.705235131096682017e+04,3.518283056368240796e+04,2.338442723535872290e+02
5.871791231723770579e+03,5.784393160261789490e+03,9.503251412225668560e+01
6.109136271272660679e+02,1.144547971837839759e+04,7.601344369981691784e+01
6.225708317057466047e+04,4.885284943889267197e+03,8.733524028334576883e+01
1.085357028846653122e+02,9.866164171173257637e+04,3.263002129047170286e+01
3.542983647567760636e+04,1.040803296188427885e+04,1.274761383854274612e+02
1.145466042539835325e+04,1.584580715316988972e+03,4.973953863406305942e+01
7.078682211469630420e+04,9.347224225336320524e+04,3.819916993601981972e+02
4.131440380220238148e+04,6.482624220096200588e+03,1.006050991127029306e+02
7.660348334161000093e+04,2.201368030019253274e+04,1.853919604715192122e+02
3.525641481943112922e+03,2.746984100179949019e+04,1.692132842113102811e+02
2.815314649410827406e+04,9.489700977583369240e+04,3.757757542108093958e+02
4.952686317103990632e+02,1.829775698308326173e+04,6.937059218310091069e+01
7.832782799548182811e+04,9.041259942615701584e+04,3.757084163029035722e+02
2.111387235271932150e+04,5.414710553700235323e+04,2.886013494640477575e+02
1.126792936922551780e+04,2.644656162709673595e+02,2.032025612912613610e+01
1.504624586733962985e+02,1.086368050705087990e+04,3.837084848399138792e+01
3.217530335778546214e+04,2.645256450187958399e+04,2.032255748211598245e+02
3.920741558708765660e+04,1.946347136005686843e+04,1.743230114116315974e+02
1.244475005441026951e+03,3.516679054386285134e+04,1.095947673343889477e+02
3.327952727687690640e+04,7.107209291222711909e+04,3.321891580366432208e+02
3.845910491206737788e+03,6.190579088614151988e+04,1.895314720758488818e+02
7.765753662054708002e+03,9.528650060405141630e+03,1.219676823096633882e+02
1.694122097926773858e+04,7.247193024113668071e+04,3.190011182498191147e+02
1.583828486440924280e+04,6.746699932915115596e+02,3.245564668355040538e+01
6.380355188661215652e+04,6.309169616454368952e+04,3.138552204355267463e+02
4.174596301360743382e+04,6.035914234568658685e+03,9.707694475861090666e+01
1.650075457620312955e+04,5.426923033733782177e+03,9.204949297484664328e+01
8.818590694791473652e+02,8.445858174948111991e+04,9.294432471002394891e+01
8.623943101654312341e+04,7.233395943302957676e+02,3.360591221857987421e+01
1.384574587835029160e+04,5.335405239572688879e+04,2.777575674682224189e+02
6.943008086383324553e+02,6.566700942906792989e+03,7.719581608587445487e+01
6.966397727095359005e+04,2.517321259622109574e+04,1.982503174031785136e+02
1.680999856928359804e+04,4.126689326531508414e+04,2.523173929514245799e+02
1.542860824132546327e+00,1.306971065348222328e+04,3.890432097999886096e+00
7.370155700292122492e+04,5.577664260492187896e+04,2.951010313421805336e+02
2.428788126447458922e+02,3.496781248883439548e+04,4.879682008147408112e+01
3.507806459595943306e+04,3.346860596191853983e+04,2.285928033328567039e+02
4.274014667077464651e+02,4.431710202304614540e+03,6.119842603667638770e+01
3.747413481548123673e+04,3.163415577647405371e+04,2.222401620677228493e+02
1.981769005303486119e+04,1.721088009201907653e+03,5.183774595230971727e+01
2.026790638983239432e+03,9.476439301388245440e+03,1.136244815013187264e+02
5.813559607148448413e+04,4.034230668042354228e+04,2.509718007844020917e+02
5.209500656950686243e+04,1.394792786209192172e+02,1.475704548174674535e+01
8.334121990286995424e+04,6.988502548050823862e+03,1.044567798446455669e+02
3.580297588459862163e+04,1.089002019734393343e+03,4.123432713682964135e+01
6.476823097813383356e+04,1.490519766022396652e+03,4.824068203875288674e+01
3.257532972437759599e+04,4.649612814966636506e+03,8.520262288034450648e+01
1.368500917077918166e+04,1.230544867370998873e+04,1.386094773544491261e+02
8.274753386691115156e+04,5.410227487193218622e+03,9.190779201621123207e+01
9.315952343487686448e+03,3.090929095017582586e+04,2.147579784842054664e+02
1.008148536322752079e+04,1.237016184481086384e+04,1.389686287071504864e+02
8.834427851140833809e+04,9.932778676629543770e+04,3.937983306542294599e+02
2.184351746540569366e+02,8.973932330121078121e+04,4.628911324160250018e+01
8.618457195831136778e+04,1.779984351357545165e+04,1.667065491485033704e+02
1.410498515145276599e+02,8.852756734552902344e+04,3.719748406982478173e+01
1.439004181193537306e+02,4.454799181508433685e+04,3.756952616637254749e+01
6.430877524606621591e+04,9.017926314098238072e+04,3.751821798909626864e+02
1.211328580572443570e+04,5.285263573712640209e+04,2.715659274440508284e+02
4.688570723082579207e+04,8.893232446118609005e+03,1.178350231336833644e+02
2.292435980503698374e+04,5.941909300909740705e+04,3.022049563835767572e+02
5.905322738190545351e+04,4.444544058730821234e+03,8.330252725810470338e+01
2.376171006377979938e+04,4.719258394001948182e+04,2.709601193880729397e+02
5.290067486679698050e+03,9.353900373700747150e+04,2.231955499329628765e+02
4.893445357885528938e+04,6.137154990270881535e+04,3.095343022656070389e+02
9.417058657905846485e+04,9.486455466364884614e+02,3.848544881608026458e+01
2.832082858698860406e+01,4.558235399151632009e+03,1.666392151782680386e+01
2.001267297845089706e+04,1.492859075915426047e+03,4.827852308712227369e+01
4.320611930561299232e+04,7.343311681309477717e+04,3.383945930092331196e+02
3.549073409515688400e+04,9.599168247316730458e+02,3.871340503862622029e+01
1.928134748793402832e+04,2.924908313757482028e+04,2.136441556969314490e+02
8.447103801992992521e+04,2.683711152088472227e+04,2.046974605772374787e+02
9.044535817350950674e+04,4.654442363426605152e+04,2.695742452014926585e+02
2.996849115666282160e+04,6.156812836261522898e+04,3.093603369927141671e+02
1.694774776784684491e+03,3.979683392249390454e+04,1.274362845499140917e+02
8.690681860356028483e+04,8.942260889153358585e+04,3.736509413838418254e+02
7.080329016433286597e+03,1.292600126165093570e+04,1.419160899847090036e+02
7.514423863137095759e+04,1.668138007418532652e+03,5.103411151935163304e+01
7.804800119439336413e+04,8.951836295296539902e+04,3.738462743764283687e+02
1.972941413607545837e+04,8.381516921803347941e+03,1.143946944393595118e+02
2.921658446230407571e+04,4.134627419744251529e+04,2.540401250106013151e+02
4.020655939987432794e+04,9.810830711024829725e+03,1.237648900791709110e+02
6.409098702489638981e+02,2.355723562848837173e+04,7.891001994494688176e+01
2.793699748942958831e+04,1.313810676859549858e+04,1.432224052658710889e+02
2.337971704287191460e+04,3.958156844746493880e+04,2.484457305472502924e+02
3.166199937627906183e+04,2.753602611803109539e+03,6.556849297540802013e+01
3.181195742367505954e+04,8.054927965495761555e+02,3.546299411387307288e+01
8.829544079192678328e+04,2.060905050969771764e+04,1.793798106836164266e+02
1.917914110023760804e+04,3.153254253892201814e+04,2.217767057683247742e+02
5.746377206533799472e+04,5.389155105206097687e+03,9.172863082347336672e+01
1.120542073132481892e+04,7.184382345631830685e+04,2.906388555236547404e+02
7.362542019759710820e+04,4.425249986673450621e+04,2.628533242819719931e+02
5.472414052531767811e+04,6.556422009861636980e+03,1.011761196824885758e+02
2.520840135945312795e+04,1.165430559202206496e+04,1.348924896629134196e+02
8.577035497307238984e+04,2.778280650492353016e+04,2.082728340290203164e+02
3.202471324205633209e+03,1.240331746214547593e+03,4.400616261873457802e+01
4.765496786025843790e+02,4.863441460462573559e+03,6.451300639523746838e+01
2.969164015017152906e+03,1.396558797451529244e+03,4.669540881597153259e+01
9.396376940349271172e+04,5.902271807143231399e+02,3.035667298372439404e+01
6.152531768566175742e+04,3.586772895407016767e+04,2.366445510633656681e+02
5.304667116948133480e+04,5.807973004122552811e+04,3.011288489134209954e+02
6.319759584812350658e+04,2.397899213659371890e+04,1.934906716472770256e+02
1.180994403764212620e+04,1.125761574259457302e+04,1.325766260172082980e+02
1.018737345758435840e+05,2.149363503548750305e+04,1.831890475425229283e+02
6.508415728635092819e+04,1.688781471626455823e+04,1.623795364416773168e+02
6.766477516079279303e+04,8.203343628914897636e+03,1.131722685706693738e+02
4.676849433418906847e+04,7.768172777268428763e+04,3.480799930744308881e+02
3.064151023908273783e+04,5.689211165189045460e+03,9.424766435981332791e+01
3.216888917204566678e+04,9.079916062850846004e+01,1.190653756262176621e+01
4.025658801387258791e+03,2.899539809322328438e+04,1.783412344303586394e+02
1.546015555212334584e+04,2.589855395513849362e+04,2.009752078048209967e+02
4.924997666287727043e+04,1.631989261869478469e+04,1.596258481874198480e+02
8.308885096530774899e+04,4.544455385974371166e+04,2.663701109285331086e+02
6.496109784867251619e+03,3.154014737881787732e+04,2.058143281763544792e+02
5.471701398401656888e+02,4.348354648286479642e+04,7.318867574622034056e+01
3.134668829568022920e+04,4.624459794491119828e+04,2.686508936595706132e+02
4.970304350303023057e+03,3.322458106163560296e+04,1.952884000069823571e+02
2.552494192602571275e+04,6.826528874200645078e+04,3.235110576820345614e+02
7.223502446490092552e+04,2.869755413237660832e+04,2.116737536992561672e+02
1.307972468923148153e+04,9.797229742956455448e+04,3.237440226568324420e+02
6.346091481227520853e+04,6.637594328596540436e+04,3.219195059389482481e+02
7.039878894639702048e+04,6.510503977896592005e+02,3.188246369385148782e+01
3.825488465904357327e+03,5.030748713464381581e+04,1.868451391708432823e+02
5.729024379816705732e+02,9.978466544246558624e+04,7.495155936522971274e+01
4.189869707064446266e+04,5.867791501850576878e+02,3.026787323423377174e+01
5.890615112219988077e+03,9.310634710320202430e+03,1.205261049976421504e+02
6.397634294224410496e+02,4.506848482813351211e+02,2.652656652398593096e+01
5.648170650461335026e+04,8.254465579365266603e+04,3.589293589870270580e+02
2.440271633818963153e+02,3.971770609249478639e+03,4.776685554563137970e+01
1.491379767973027811e+04,1.761933528024557290e+03,5.244925568653441417e+01
3.176593977081316189e+04,7.008072772189584794e+04,3.296742024067222587e+02
2.015715914018503827e+04,6.363967833147913552e+03,9.968012121256504088e+01
5.541819638354518247e+03,5.361102209025243792e+04,2.186834887682481110e+02
1.245779476927476753e+04,6.354166902822626434e+04,2.892133147730964993e+02
3.004183609419492495e+04,6.208139658802308259e+04,3.106222460338719884e+02
6.971793457707157359e+04,1.311150400938401799e+04,1.430773294986973383e+02
4.437165917447110405e+04,2.486001741449847032e+04,1.970131812082077261e+02
1.362641310634540969e+04,3.929683639606018551e+04,2.445453367743862430e+02
6.509337107331047446e+04,5.577011630710752070e+04,2.950836585051732754e+02
7.530649187788537091e+00,1.052056480397744963e+03,8.592199814078870901e+00
9.180514434619314852e+04,2.909201482455048972e+04,2.131235637492283672e+02
3.065729603590496026e+03,6.663225084825880185e+04,1.710675250379621275e+02
9.910471581391208019e+03,6.382415939327540400e+04,2.735941179641665713e+02
9.503328293191349076e+04,7.479896379255701322e+04,3.417372416647484101e+02
2.715661071616645131e+03,7.906098504960467108e+04,1.619708960512577391e+02
4.403974649651131040e+04,9.281294737515210727e+03,1.203784790146786463e+02
2.125587581267765103e+01,7.372382511279614846e+03,1.443943678031216749e+01
7.212773378978122491e+04,8.532277096308421460e+04,3.649778178753289239e+02
2.091813311169672943e+03,3.727933621158044843e+04,1.403948021735527902e+02
6.748459637799607299e+04,1.617297514191642586e+04,1.589057194851688735e+02
3.260134145614168665e+04,2.136863087229988014e+04,1.826555681488644609e+02
9.081768986256523931e+03,1.980926846138808287e+03,5.561331565161059132e+01
3.566208502269205383e+03,6.394516137968888506e+04,1.833564978825545779e+02
3.920060490428893900e+03,1.000702577107739635e+05,1.941586969535012486e+02
1.876754652012101019e+02,4.489169036704667087e+04,4.290306497700893829e+01
8.358128132646066661e+04,3.833213541961149076e+03,7.736171277514743849e+01
3.471623658120619803e+04,3.447914998227300657e+03,7.337073079486913230e+01
8.383537096367352206e+03,2.704157905027971598e+00,2.054757590651480115e+00
3.483493278050244407e+04,6.358541227399807394e+04,3.147594422074320732e+02
1.318143563302330404e+04,2.072233155372808142e+03,5.688056197578259798e+01
7.507703770607666229e+04,3.594658704074199341e+04,2.369045493757090526e+02
4.448503068986938888e+04,2.684578386832256001e+04,2.047305314642154599e+02
2.676542264886338307e+04,2.371287743876358036e+03,6.084665354630924838e+01
9.665601632023428465e+03,2.738669963843830192e+04,2.043458742089892155e+02
6.443436096331582667e+04,4.861894055899953673e+04,2.755162949805306312e+02
4.328257515621920902e+04,8.803997692383536560e+03,1.172423539694569001e+02
4.774994934751869732e+04,9.374614547059050892e+03,1.209821448022587589e+02
1.777358569544442389e+03,7.254121794423310348e+03,1.016346254686247619e+02
1.967323746626082357e+04,1.016232683430284305e+04,1.259624643486084778e+02
1.742200359513898002e+04,7.307809494867536705e+04,3.212979807636017995e+02
1.893376253476675629e+04,7.694425982035831839e+04,3.312086855130053777e+02
1.147513118894754598e+03,9.282229018422689478e+03,9.711991828056497411e+01
3.524267954240117979e+04,2.172013399984471562e+03,5.823389239584151511e+01
5.649012278177490225e+04,9.113236681163132744e+03,1.192836429998428258e+02
1.038431234001868688e+03,1.167694452754621125e+04,9.614766838452811726e+01
3.813115947434928967e+04,9.698251152960414402e+03,1.230527383987799368e+02
2.586963633378079521e+03,6.562715673565395991e+04,1.577073402099305213e+02
5.304307897560256002e+00,3.899457227491049707e+04,7.213546132438271918e+00
7.944715075782756321e+04,4.462785553339352919e+04,2.639657491550911459e+02
2.145142800179629194e+04,5.592797500472705724e+04,2.931266391690820114e+02
9.767981416307439986e+02,3.639872329562945197e+03,7.284187996688530120e+01
7.140687129122859005e+03,7.517832419459486846e+04,2.505377722411648165e+02
4.902456309922358196e+04,2.702143720676342855e+04,2.053992207659954090e+02
2.192058441134968234e+04,7.315530782681737037e+04,3.302239657779689992e+02
6.101099760681628686e+04,6.923636197484233708e+04,3.287796658681174335e+02
4.196676546926723859e+03,8.676369338983470516e+04,1.998675492781376875e+02
8.128084342939253838e+04,9.574834099158417303e+03,1.222672652355791030e+02
1.924729286485767079e+04,1.226538586649005811e+04,1.383837757878473269e+02
7.102823602813899925e+04,4.922796106683892867e+04,2.772365514017691908e+02
2.559548519028752344e+04,2.254416275493267108e+02,1.876124371263733082e+01
1.007270326374322467e+05,5.453099607096682121e+03,9.227122467198064726e+01
6.659357866076587129e+01,3.745323632206737329e+03,2.550644339508162517e+01
1.947902760425908491e+04,8.751628930269696866e+04,3.477495294662769538e+02
8.007410447130991997e+03,9.867954837549828517e+04,2.690473680554434281e+02
1.385116323182425003e+04,7.509162676763985473e+03,1.082780250778430826e+02
6.813778866999887396e+04,7.474606698707576546e-01,1.080285986345990379e+00
8.558212865571032069e+01,6.237170642982679283e+02,2.605947626723337152e+01
7.398482469608173915e+02,6.165920250099493569e+04,8.511281528593053736e+01
6.890448206747673976e+04,7.937157469658968978e+01,1.113209920155439825e+01
7.092352639640025154e+04,7.203007143952324896e+02,3.353524567431419712e+01
4.222379814982110474e+03,2.387475029751305192e+04,1.731708396545008384e+02
2.558977469296823074e+03,5.660645144461342397e+02,2.972881064505248006e+01
3.030903002034009842e+04,3.918947019925664063e+04,2.473450059956276448e+02
1.416160304152027948e+03,8.719770199275504638e+03,1.023894652422780496e+02
9.209170946808691951e+03,2.243343435374369437e+04,1.860781694753252395e+02
2.287090706924175902e+04,8.771786554906051606e+04,3.563535909426739750e+02
3.515674410633989464e+04,9.769431662339731702e+03,1.235034868655498173e+02
6.556939441606934997e+04,1.539237723810367243e+03,4.902272164859033410e+01
3.164647012304225063e+04,3.923351014136704907e+04,2.474890262593444561e+02
1.735934878950625716e+04,4.384777830908624310e+04,2.598472210834671046e+02
1.247013752643331827e+04,4.344679684512045787e+04,2.534746656556675646e+02
5.398672152834641020e+04,5.017504501355628599e+04,2.798903156277921198e+02
9.273281107677055843e+03,9.400559505280943995e+04,2.843779584813177621e+02
1.289071817029657905e+04,7.560144039515515942e+03,1.086449649829336295e+02
2.538294697969444314e+04,4.327405630708445096e+04,2.597676632935848033e+02
9.828593317784392639e+03,9.137119130740383116e+04,2.898297387422780389e+02
3.210330822470823477e+03,7.823107834719398852e+02,3.494895767936480979e+01
4.693701859416873049e+04,8.628077664221978921e+04,3.666359589850724774e+02
7.693038832495455608e+03,7.144058038134884555e+03,1.056127813137835858e+02
3.269905785171085881e+04,5.772700108171247848e+03,9.493668605000515015e+01
7.921649271076595141e+03,3.458036323346794961e+04,2.196457373276958549e+02
6.264678530460592447e+04,8.207007335691859771e+04,3.579376145490393242e+02
1.603605395635331479e+04,5.980216632330002903e+04,2.952278534773356000e+02
3.161295926034016884e+04,4.113693495727577829e+04,2.534152525023834244e+02
2.200697489549078091e+04,2.273620820234283383e+04,1.884088600744251494e+02
1.025420940284605422e+04,4.827633654773744176e+00,2.745438519001559108e+00
4.983960784869022973e+03,5.409925120595010958e+04,2.099438725569376345e+02
3.886214305914006400e+04,7.825774134942829551e+04,3.488684632543560724e+02
4.887817468968371395e+04,6.634905304695343148e+03,1.017798798703021106e+02
1.047751170668164377e+04,7.049011017373185314e+04,2.839145900990064888e+02
5.960733439047645334e+03,5.080519129395610435e+03,8.906323039330655433e+01
1.857364235977162480e+03,1.728217615037872383e+04,1.260067249711495521e+02
5.165067585662400234e+04,4.837148826943676977e+04,2.748138701680284157e+02
9.058583994862179679e+04,3.259745664128978387e+04,2.255986142667543106e+02
4.558832543284088388e+03,4.509546325284396880e+04,1.988517465683968908e+02
1.088317138392352172e+04,9.678158170470838377e+04,3.032314770381459539e+02
3.848677653954939888e+04,2.287537890246608731e+04,1.889856015628893715e+02
8.606741549215916893e+04,7.555529241072488367e+04,3.434604631701513426e+02
4.547668349942760688e+04,1.625444330292659970e+03,5.037680491941937078e+01
8.226132436999587583e+01,9.237169733142081532e+04,2.840730839319559209e+01
6.171147925422372646e+04,9.250255228231579531e+04,3.799462283796888187e+02
2.506372182944147426e+03,1.012650841483062250e+05,1.561768239113085315e+02
3.122010705485708968e+03,5.476631890411506021e+01,9.247010377162350636e+00
3.366804396853525395e+04,1.142472337380195540e+03,4.223450574623234388e+01
5.495336543684657954e+04,5.974865229953610105e+04,3.054249237299983974e+02
1.495600937403309217e+04,5.352374796053370665e+04,2.805743365792190502e+02
7.601463130586832995e+04,5.463103266577117756e+04,2.920547428338221607e+02
2.453487114539197137e+04,1.589390075695503128e+03,4.981496367500696465e+01
1.601645384405547475e+03,3.211161500905220237e+04,1.233580081627230101e+02
1.418430139249696549e+04,2.040464956508691466e+04,1.784593541807660984e+02
2.926468036614013545e+04,2.313945791248018577e+04,1.900732958376798649e+02
1.010442527946936607e+05,9.185351702946363366e+04,3.786971473913687873e+02
7.616794502937508514e+04,1.012606239777006122e+05,3.975857187346543355e+02
3.209425203273069565e+04,8.715482601172541035e+04,3.652944535337472871e+02
1.844947897613515124e+02,2.570340683354289013e+03,4.118748028639689807e+01
2.583901989454334762e+04,1.001445573059493768e+03,3.954196478923446989e+01
3.127994598242368374e+04,1.503937161691971232e+04,1.532355088569566419e+02
3.372358405480223882e+04,1.758255574943019610e+02,1.656859075834797324e+01
5.759610778287632274e+04,2.532415320138569587e+04,1.988437915184478868e+02
5.764739754910202464e+04,8.650115738271693772e+03,1.162132184039209903e+02
9.900689859477366554e+04,2.407959732963737679e+03,6.131534547536515589e+01
1.375907513656023548e+04,5.793767744894600764e+04,2.859178591429039216e+02
7.749310611965585849e+03,8.174520208220130007e+04,2.610481329312730736e+02
6.353391007405231358e+04,2.279924449065060981e+04,1.886708462566009530e+02
5.640003517935410491e+04,7.136624677296755544e+04,3.337873506048336480e+02
5.704039000809266145e+04,1.459017613103463009e+04,1.509297444989115036e+02
5.939821140793006634e+04,1.928235127188124534e+04,1.735100219147719827e+02
2.201915304314414607e+04,3.299421070648681780e+04,2.269156450296832475e+02
4.314537134589542120e+02,8.229286672005550645e+04,6.504637235183837163e+01
5.122455385666558141e+04,4.498668386927695792e+03,8.380820903704369584e+01
2.980568560207866904e+04,2.327617895328513987e+04,1.906340035385667591e+02
8.435829056904946628e+04,3.714279041039154254e+04,2.408140564595146600e+02
5.183902036454726476e+04,3.842095978871797706e+04,2.449224840938573209e+02
1.273292539318302197e+01,2.515678868569930273e+03,1.117443087954558223e+01
4.499695516365109506e+04,9.219345770655221713e+04,3.785754431234579442e+02
5.978357644915422497e+02,3.263613503764238703e+04,7.641340178123998328e+01
2.492131815630700294e+04,4.479232272071683110e+04,2.642086304308775766e+02
1.977872297422969217e+00,5.018207179858936433e+04,4.404875349095764392e+00
3.678374188700152445e+04,9.705589685829530936e+03,1.230992857498847286e+02
2.519784197027178379e+04,6.796754427083789778e+04,3.226851349499002595e+02
9.141022383061241271e+03,2.276487668701870643e+04,1.873191724603043156e+02
3.416576896064133325e+04,6.057043391506311309e+04,3.072644712589199116e+02
8.678988889675492828e+04,1.613458672555573867e+04,1.587170169423193613e+02
3.065164807765314094e+02,1.735982889702402827e+04,5.472340450600358253e+01
1.929330100479099565e+04,2.743154813301972172e+04,2.069220262398335706e+02
5.837763953213262721e+04,8.057382072483780212e+04,3.546445390262924775e+02
4.779488633692817530e+03,6.784070069623398012e+03,1.029029113048707416e+02
1.260958904938868272e+02,1.681343319604121461e+03,3.395444071861410151e+01
5.470089291962763673e+04,3.082957588741591098e+04,2.193958177675754655e+02
8.643314398156226162e+03,6.259299095954776021e+03,9.885699596395697597e+01
8.457763230770807422e+04,4.636972444912590436e+04,2.690678614776836639e+02
9.335641627387379413e+04,4.462950146855377534e+04,2.639706168654263365e+02
3.324270061314559488e+00,2.997470348546651167e+03,5.710565776771590052e+00
3.588463844609432999e+04,7.218641444166955807e+03,1.061627854453005853e+02
1.181917357502379127e+04,1.916269439275916682e+02,1.729708247766424734e+01
4.464165493562877236e+04,1.012000399615521928e+03,3.974979667314008935e+01
7.681430337192588195e+04,1.792695949110576294e+03,5.290514244837561364e+01
1.898712733137962641e+04,4.302753237613866804e+04,2.581793332428866279e+02
3.119471951940883628e+03,5.099516032737458772e+03,8.918870018153235435e+01
1.694910255697504181e+04,5.120661285305878118e+04,2.783714474511387493e+02
5.555453828185001476e+04,1.953036121845687012e+04,1.746223013034187375e+02
9.733412218076268618e+04,2.498456080490262320e+04,1.975060617391717130e+02
8.840399858460377436e+04,4.316710801360444748e+04,2.596097784269610997e+02
6.785041540844611882e+04,3.373823675424558314e+04,2.295121917168926302e+02
6.989695582788558386e+04,1.667150659569156414e+04,1.613362632053647587e+02
1.451892905935184444e+03,1.489718458171539896e+04,1.126702635995917632e+02
3.113243249660514630e+04,8.183766457142161380e+04,3.544675133509101101e+02
1.453863106910756869e+04,9.384522647084164419e+03,1.210460609590425776e+02
1.025686423945020033e+04,7.321478723709475889e+04,2.841911253207273944e+02
9.057110525041216169e+04,2.478761806913236069e+04,1.967260932427634543e+02
2.949870982856222327e+04,1.116043854502150765e+02,1.320034250027148737e+01
2.823758370001796357e+04,4.476776413587035495e+04,2.642837397300722273e+02
2.558870664989076431e+03,9.994639398888852156e+04,1.577599734186195803e+02
9.943197557455594506e+03,3.986813695697352523e+04,2.388561756989742833e+02
8.651109706884244588e+03,1.006130901384465542e+05,2.783391563988475923e+02
1.044797631350123811e+04,4.052887699790910574e+03,7.954755848578327004e+01
8.134460088562786041e+03,1.212902416156728805e+03,4.351685491095111757e+01
1.583140950844715371e+04,9.454879447176874964e+04,3.398951037387644760e+02
1.710594337125990023e+03,1.026409093146444684e+04,1.118523474106551845e+02
4.991103319804966304e+04,7.311719067713931145e+04,3.378100645069936263e+02
9.095150218997843695e+03,4.240531179520406369e+00,2.573088358536128162e+00
1.605005012806107879e+04,2.080913110132379006e+04,1.802373216709213182e+02
9.330480893722926794e+02,9.354526501559287135e+04,9.560981783345981455e+01
7.814481717166186718e+04,5.379170371818148124e+04,2.898025577977945204e+02
8.226512106955215859e+04,6.304870170422456431e+04,3.137491880979701477e+02
1.022236937381736061e+04,1.738470857688930482e+04,1.646493100419706366e+02
7.743778563530200699e+03,1.377344953657859332e+04,1.465193137095325824e+02
7.706487754218840564e+04,9.738916327118962363e+04,3.899231601632049546e+02
3.443926631158416967e+03,9.304743457980912353e+04,1.821778073327618301e+02
9.337944151177414460e+04,1.299818411097794160e+04,1.424576945160752075e+02
9.002178064646703206e+03,8.881155887597255116e+01,1.177549889619568368e+01
6.824677143493339827e+03,8.865651728552524582e+04,2.493503929453784735e+02
4.000671821215987620e+03,7.963510755062593671e+04,1.949181036944748939e+02
7.419063515233363432e+04,7.427298722479853313e+04,3.405324315216674904e+02
3.546124680909055314e+04,8.037281237891492310e+03,1.120209243984178613e+02
1.528759241262701471e+04,7.442166380178472900e+04,3.159861191562530962e+02
5.043721348822903383e+04,6.510386070872844932e+00,3.188217499243630737e+00
1.468817696765303481e+04,2.548111814261000745e+03,6.307449909158822265e+01
1.980649662925453231e+04,6.087629276022080660e+01,9.749192999736148835e+00
2.297049681944985059e+04,6.417984016905674798e+04,3.130455655334604899e+02
9.014458518767831265e+04,3.601940430729239597e+04,2.371443776293031362e+02
3.400740808243957872e+04,9.461998983328741815e+03,1.215446977635157708e+02
1.319965168676406574e+04,3.682849592806099099e+04,2.371540516295423515e+02
9.085211433715138992e+04,7.093492398720912206e+03,1.052384937102121398e+02
1.439409595535038352e+04,6.196668442190649512e+04,2.946827017103669277e+02
7.703571256484268815e+04,5.140442493375780032e+04,2.832988549300109753e+02
2.085710652031757127e+04,3.323329228248903382e+04,2.277026428480408526e+02
4.826323620181063598e+04,4.200949866733105591e+04,2.561050166610160659e+02
1.064139680657362597e+01,4.378074450841895668e+03,1.021684821858145575e+01
2.902642225739822607e+03,1.031447012768232344e+04,1.232588682995441474e+02
1.019003885862338211e+05,9.287420212264840302e+03,1.204181961948364403e+02
3.224735488958923452e+04,6.422511254229206679e+04,3.160873361766725793e+02
7.640630275432807684e+04,8.649126825006674335e+04,3.674719096998395003e+02
8.886707356635631004e+04,5.946401655707640202e+03,9.635443072274898668e+01
2.634178900863356466e+04,4.904963857768664457e+04,2.764097134243541518e+02
9.342612301593362645e+04,5.880610581964500625e+02,3.030091757538561126e+01
7.147587291253500734e+04,3.092243015966204257e+04,2.197259638205648855e+02
8.362230594045341832e+02,2.822100214759776009e+03,6.479501255026838180e+01
2.081556911794421012e+03,3.918677184361278341e+04,1.403359649765392021e+02
1.132184345553431513e+03,3.305798124212116090e+04,1.045868433414752730e+02
4.875815289760807354e+04,3.009914347485538747e+04,2.167812107038339207e+02
5.203134198787338391e+03,7.207180859345542558e+04,2.186501600205723719e+02
9.858811438230321801e+04,1.731840234224116284e+04,1.644365975620002587e+02
3.948546736585877079e+04,5.380317239831157349e+04,2.898048159464893274e+02
9.978514646197698312e+04,8.373604908562454511e+03,1.143406883421227178e+02
3.380877079635787231e+04,2.049426959771941256e+04,1.788795903187804583e+02
2.790574368338886416e+03,4.194278259135259577e+04,1.608880424656630623e+02
1.510059869411117688e+03,1.578334784387126820e+04,1.151273689535446891e+02
5.647582845712544804e+04,8.494838853634976840e+04,3.640993729366320508e+02
1.471995773937139120e+03,6.714012767201142560e+04,1.197899252262488545e+02
3.468082827041875134e+04,5.619137020825366199e+04,2.960693182990256673e+02
8.444766950937031652e+03,2.932442890582960172e+04,2.083105918162690671e+02
1.246558745320797061e+04,4.289159165872527956e+04,2.521533475489380294e+02
5.334131741818359296e+04,3.390302597586462798e+04,2.300720168377081052e+02
3.474043860530475649e+04,3.941159065382054541e+04,2.480560564754432562e+02
6.940770323312281107e+04,5.499928030762764138e+03,9.266656672303133746e+01
1.752430172830074662e+04,3.872845817891076763e+02,2.459006480656134030e+01
6.822866792845276359e+04,1.524409497644996691e+03,4.878602033537394078e+01
2.618448407988918188e+04,5.850561387223915517e+04,3.011450156458299148e+02
2.518560406376598621e+03,1.794184366463215338e+04,1.407717991568591174e+02
2.594636503367541422e+02,2.124132730767052635e+03,4.626720919490286121e+01
3.567331746691199078e+04,1.130708788768060731e+04,1.328678640470369032e+02
8.431555468349397415e+03,7.424085174497796515e+02,3.404599589145404792e+01
4.767199699495977256e+04,3.665083649808622431e+04,2.392139379507920864e+02
8.028247916616415750e+03,6.140407242849022396e+01,9.791363123467849761e+00
5.269636538655107142e+04,6.467560118576675450e+02,3.177713995194955388e+01
9.808792291660718547e+03,3.874490474923558213e+04,2.359420495104557460e+02
5.333297616696587284e+03,3.892137661631530500e+04,2.057686469835934417e+02
6.461443369252245930e+02,8.983244399504414105e+03,7.706939859138628890e+01
1.623510442045872878e+04,4.175316137777228141e+04,2.534022116221440513e+02
4.923004681918881033e+03,1.083327332156402917e+04,1.296243456033479049e+02
6.449388841993491224e+04,1.514869055020492965e+02,1.537914234204346364e+01
1.179742642158392073e+03,5.167413152861878916e+04,1.072125978762032474e+02
7.049839382732417334e+02,1.582322648196125010e+04,8.210191336305673815e+01
7.478421814008067486e+03,3.291000912310334115e+03,7.168174528555724123e+01
3.465339806992463764e+03,4.853360811512111104e+04,1.785612041555897065e+02
7.625828197616765101e+04,1.574729558386417375e+04,1.568005418926744596e+02
6.613887176150860796e+02,6.490901770415796636e+04,8.049455294617075651e+01
6.974697001347723926e+03,1.511864532769288962e+04,1.531731131059744939e+02
1.270830409732373664e+04,6.822568662837127340e+04,2.963358919372846003e+02
4.191534005208926828e+03,6.978639850984689838e+04,1.981718102114087969e+02
9.626547350775591622e+04,8.825243302786979257e+03,1.173837320419774102e+02
6.704456168276738026e+04,1.330439197347506342e+04,1.441259175932590324e+02
4.436722072904842207e+04,1.532294324913683568e+03,4.891202755725014129e+01
2.147874164215661949e+04,3.256040566246081653e+04,2.254137507464866985e+02
6.693255185834370786e+04,6.250242468556552922e+02,3.123870358529921631e+01
1.948165785032921121e+04,1.441557734019407872e+04,1.500239415610504921e+02
6.593389184753016161e+04,5.970784665564356692e+04,3.053232421472877718e+02
7.699657031704498877e+03,5.673717291171685702e+02,2.976311727115642114e+01
4.291204025016397168e+02,9.037048177429071075e+03,6.394572347450459660e+01
1.239546178700403107e+04,1.797883517919898395e+03,5.298163361484529332e+01
1.807456387981920852e+04,5.362394054589211737e+04,2.851930976450242383e+02
6.663886603655754880e+04,1.825880772334293397e+03,5.339256402867302143e+01
2.159721386698176866e+04,1.358939322362192252e+04,1.456614407851420765e+02
2.238044983756187503e+04,4.421374000617074489e+04,2.622846338809842450e+02
1.929644398735479456e+02,3.026082827054610243e+04,4.349676860591290506e+01
1.458271099995832265e+04,2.248262649048584353e+04,1.873021654333120409e+02
9.246538526728872966e+03,8.765252396143563965e+04,2.817923118942211431e+02
8.348236443443498865e+04,2.516826548717695914e+04,1.982308360969107355e+02
1.221590567971280871e+04,7.803645465252910799e+04,3.032177132955691832e+02
8.868453688410630275e+04,5.491001776444932329e+04,2.927995203528734578e+02
3.318617863301238685e+04,1.045750066046014217e+04,1.277787160278076612e+02
4.442325007272660150e+04,7.278414383953640936e+03,1.066014122872161636e+02
6.259111412514534459e+04,6.577477192166828900e+04,3.204582542134312462e+02
5.346160591419549019e+04,1.186012022731793149e+04,1.360783752623769374e+02
3.362525291432071390e+04,8.567007523724498242e+03,1.156535967708308590e+02
4.238064788342854445e+04,2.628060740012799579e+04,2.025640017199357601e+02
3.550440942544246354e+04,1.516714658813740061e+04,1.538850789196509652e+02
2.858182214297485757e+02,1.930129311621108354e+04,5.287545395339732579e+01
3.511557644042455649e+04,8.197318606068669396e+03,1.131307007185118323e+02
2.632276763280931118e+04,4.611100377045785717e+04,2.681105748784875686e+02
7.102734749433712568e+04,1.439424350210525881e+04,1.499128953867980840e+02
2.822785741198960022e+04,6.776371680203129654e+04,3.235407723429568705e+02
5.354680751781829713e+03,6.256590344502930384e+04,2.190671773517122460e+02
7.198558263885756787e+02,9.635467600848325674e+03,8.114850190870856750e+01
1.490083557856616426e+04,6.569271333443429285e+03,1.012752140026962735e+02
2.137236466038884100e+04,2.282106350328637927e+04,1.887596425493518950e+02
2.376818823650347986e+04,2.215832960137120244e+04,1.859997972259249366e+02
4.098905497489601112e+04,4.404408912066915946e+04,2.622314430570447712e+02
3.163156133909192818e+02,1.670075622107467279e+04,5.557418504655801428e+01
5.875437808231681265e+04,8.131525116350824828e+04,3.562715062065846041e+02
3.507863427078184759e+04,7.929079428860508779e+04,3.504963337014416993e+02
8.505488267725381593e+04,1.307337265833375022e+04,1.428691266757300582e+02
7.308012041569572466e+04,6.150331459294242450e+03,9.799272401488100570e+01
8.487183160171494819e+04,6.460030707995429111e+04,3.175863524725848492e+02
7.451673640393717506e+03,1.028091094637353535e+03,4.006455913232377242e+01
9.794240659538062755e+04,2.501227233844341026e+04,1.976155629446247417e+02
6.537745563378215593e+04,2.136621799924599327e+04,1.826452562968336508e+02
1.406659524515244755e+02,8.527052123183995718e+03,3.708116010775021465e+01
8.584862381745111861e+02,2.764407465811019574e+04,9.119468913678231559e+01
1.510262898219282761e+03,3.432023846148083248e+04,1.202053909664121534e+02
8.707826388306809531e+04,5.130590695400514232e+04,2.830272514699502153e+02
3.366516644270475354e+03,1.051129232426191629e+04,1.258379278771362380e+02
2.276096970313643396e+04,6.710230112859798828e+04,3.191500204505878173e+02
2.648008671757366028e+04,7.070036158184582018e+04,3.292541445203387411e+02
1.530860552804281724e+03,5.772767641294130590e+04,1.219847948858436411e+02
9.740252592371287756e+04,6.748540830189577537e+04,3.246007385694838376e+02
9.502660447301095701e+04,1.703515461110637989e+04,1.630863486163425478e+02
2.712851250336040175e+04,6.290574124099948676e+02,3.133933029546872007e+01
4.272985765531467041e+04,4.732263776244019391e+04,2.718153093334354935e+02
1.777347886706662030e+04,2.795524537580668766e+04,2.088473624074941597e+02
6.615983944623671414e+04,4.128480802391105681e+04,2.538865554592409239e+02
3.875992224639829510e+04,8.959963779438564961e+04,3.723965805809731933e+02
8.029222829974375600e+03,6.892410959811854991e+04,2.591863406031571913e+02
3.536516109564283397e+04,5.122184103531730216e+03,8.942772064819897082e+01
3.963914436002417642e+04,3.750211478071856982e+04,2.419756743076032137e+02
6.366649946835581068e+04,7.945533518431689299e+04,3.521986638878276494e+02
5.112311976909859368e+03,3.446914375209991704e+04,1.984082997826554333e+02
3.641036135064747214e+04,8.712161920977996488e+04,3.668872912675154225e+02
1.678474843278515618e+04,8.662674115638028888e+04,3.368402196192733982e+02
4.475262656080046872e+04,9.954468702287020278e+04,3.928485998972519155e+02
8.730411242596780994e+02,2.488494614713945703e+04,9.180663332311928571e+01
1.021524143164473003e+03,8.459907355192734394e+04,1.000098422139387679e+02
8.185102577483985806e+04,6.356129077615723509e+04,3.150219988562312210e+02
6.427515364962667263e+03,4.180965476432425930e+03,8.079469735229922378e+01
7.388801860450759705e+04,3.408244090545309155e+04,2.306799851051780763e+02
1.536670739486057937e+04,9.030396715878249961e+04,3.335639545291791137e+02
8.440571450274900417e+04,2.821264247001412150e+04,2.098777753397946526e+02
5.212326674203527364e+04,4.230525669027416225e-01,8.127214773419652039e-01
9.492016116491064167e+03,4.103687933027723193e+04,2.396460940100777464e+02
5.283180013830262760e+04,1.036287135752574159e+03,4.022394137020021532e+01
1.845511367448760939e+04,6.104795639117973769e+04,3.018923498324280672e+02
8.559158688277880719e+04,2.198550055890672593e+04,1.852732622259331947e+02
1.599988837521156529e+04,8.309654325235153465e+02,3.601936468876771613e+01
4.242596932899316016e+03,2.700509410081421811e+04,1.785521126129573304e+02
5.258241685537771991e+04,1.113703573856680305e+04,1.318649505247512081e+02
8.239402801071920840e+04,1.542806922464541515e+02,1.552030883505996428e+01
9.281183329588058405e+04,6.745559594155833474e+04,3.245290270788489693e+02
2.229967029450454356e+04,8.574268419403148073e+03,1.157025970106192716e+02
2.355692379959024038e+04,1.543468904147822468e+04,1.552363810258264891e+02
8.407609217210199859e+04,5.669623877136977535e+04,2.975237850296624060e+02
9.044322376101847112e+03,1.537661927818880486e+03,4.899762169543260626e+01
4.677212703599653651e+03,4.805860686082192842e+04,2.022556704312187890e+02
3.416102581767170341e+04,9.807836891675142397e+04,3.864331422102024476e+02
1.987164225075364448e+04,1.578347755510722345e+04,1.569805547803833292e+02
7.353793311157684002e+03,7.876976933226217807e+04,2.546883966213198107e+02
2.814719127799679427e+03,2.015855586167441061e+03,5.610147340008991534e+01
7.922170006692726020e+03,1.209237116907412383e+04,1.373677742584397947e+02
6.457550093156020012e+04,1.323961737597712045e+03,4.546553298468518989e+01
1.141673048516132621e+04,9.974870226980026473e+02,3.946373595037462678e+01
3.623804714387433341e+04,2.244272748089862489e+03,5.919464051553484296e+01
1.995961002437509160e+04,2.850069052439236839e+04,2.109146903990023816e+02
1.411794324540481466e+04,3.228392875289517542e+04,2.235911475930643917e+02
1.959133094333424879e+03,8.965047412621481635e+04,1.381999270431586808e+02
1.542232545956237573e+03,6.628664029347633186e+04,1.225660753741711346e+02
2.913944842013247762e+04,5.690264468767341168e+04,2.975871088502613020e+02
2.722720442002463187e+03,1.552367907091307416e+03,4.923136726606566782e+01
9.894613328774504168e+01,2.298690222145252483e+04,3.115164468938623088e+01
4.599619055470656167e+04,3.982010292969420698e+04,2.493420598753587569e+02
5.524251893602084238e+03,8.728071866738506651e+04,2.269490911289838948e+02
8.092351526607277629e+04,2.150778647431059653e+03,5.794853054424124394e+01
4.295337150243419455e+04,5.286348240903270198e+04,2.872807205768553445e+02
1.828210237468147534e+04,8.290378041782793161e+01,1.137710423256588044e+01
8.546268362630045203e+02,8.156394425666228926e+04,9.149752748629997257e+01
6.216576614359379164e+03,4.839242817561749689e+04,2.246602477109440770e+02
2.514252790549098063e+04,9.728131110808678204e+04,3.748644675105188071e+02
6.190658440049728233e+04,7.478235483765421668e+04,3.416889681357295103e+02
4.048514790919075040e+03,7.675093517684742983e+04,1.957623437476981962e+02
2.918724631217996284e+04,1.784941876171332842e+04,1.669385389683217795e+02
1.288824231115141629e+04,7.752195092921648757e+04,3.071990323195846599e+02
7.084464788793967273e+03,2.022347125225573805e+01,5.619173225096509405e+00
1.183046848832667592e+03,9.848393476478350976e+02,3.921273592405291453e+01
1.693820234767151760e+03,2.557954652995961806e+04,1.253779393767244130e+02
9.377574097476758470e+04,1.029274117570337950e+02,1.267681333771695407e+01
2.290527521383072599e+04,2.286249914122639530e+04,1.889317473767203523e+02
8.981752785925949865e+03,2.332486930881639637e+04,1.893287349220036333e+02
7.772195127333013806e+04,2.556189327892661368e+03,6.317439305918357917e+01
1.242120445010339296e+02,3.433985585186437220e+03,3.461162992965714835e+01
1.695505687974952525e+04,6.657822576804386335e+04,3.095291680474184659e+02
3.379129559430148220e+03,4.890933249295004316e+03,8.737089423453626580e+01
3.482680588425854512e+04,4.118657512847686303e+04,2.535781713614088915e+02
1.212471682665749768e+03,2.505735853285395206e+04,1.074287087985137674e+02
7.238625163469517429e+04,2.045050165311247383e+02,1.786884791107863535e+01
2.132052799422673706e+04,2.448925961684186768e+04,1.955350866057550263e+02
1.051719183627394756e+02,2.271707470811410531e+03,3.167946102168326306e+01
7.329020025086402939e+02,6.134974582093297795e+04,8.471302340759014271e+01
9.970743990544383996e+04,5.213483988158411194e+03,9.022119840948623448e+01
5.295229250904521177e+04,1.962615872177253914e+04,1.750500434493277737e+02
1.113405910493637521e+02,6.907059183194299112e+04,3.304865883046582553e+01
6.448947462186709890e+04,1.476133945277849477e+02,1.518124724090987065e+01
4.835041235185107666e+02,2.241698910987203635e+04,6.866112492437584081e+01
1.288363832937856387e+03,1.530584670769738477e+04,1.076050716167841443e+02
5.183787739788711770e+04,8.022853473576194574e+02,3.539231737325521721e+01
7.199397010402858723e+04,8.268913067287672311e+04,3.593032027223108571e+02
5.397399963533878690e+03,2.654555021828612098e+02,2.035824962805502025e+01
2.021245930326061625e+03,8.346503865495584614e+04,1.402740313331026698e+02
7.376018411830787045e+03,8.556024016375167412e+04,2.569521952673770784e+02
4.341165909751935459e+01,1.883297180499108799e+04,2.063585715925792741e+01
6.812057778134811088e+03,2.009409238970531442e+04,1.746408089594404771e+02
2.197566888904583720e+03,9.302394681731591845e+03,1.144751375542993799e+02
1.097009463131224720e+03,6.016587041127955899e+02,3.064923728468749076e+01
1.468951589336810866e+04,1.371066598847715977e+04,1.463097362640093024e+02
4.420885680437250812e+03,2.729501653228899158e+04,1.810194855886924188e+02
5.184237034325551213e+04,5.898377980425307214e+03,9.596455843615943593e+01
1.535157351317047642e+03,5.643025600347050931e+04,1.221266450281675446e+02
5.903822923069534227e+03,8.676200601081767672e+03,1.163658067710635322e+02
1.080507690284392993e+04,4.117456599987929076e+04,2.443410442891119487e+02
1.164977473591924536e+03,7.151983353952472680e+04,1.067178165000884036e+02
6.852805022019489843e+04,6.667881841031641670e+03,1.020324974803992859e+02
1.334587417169957189e+04,8.455370609020887059e+03,1.148975828790608631e+02
6.068873737836259534e+04,6.949691935017461947e+04,3.293971971815697657e+02
6.538980577736169653e+04,9.614530269374017735e+03,1.225204561507119934e+02
1.687187249462663385e+04,2.695687277960332267e+03,6.487529176553226762e+01
6.445695697805238888e+04,9.832058957018956426e+04,3.916985851419423739e+02
6.142491798758846562e+04,8.230254067346502779e+03,1.133577430519717950e+02
4.773170777343553709e+03,2.324032978116646336e+04,1.765731715389910619e+02
4.197716561689107766e+04,1.257585636403735407e+04,1.401242669766789959e+02
4.144727904327667147e+02,2.503353337774975080e+04,6.365040418253543919e+01
3.834234922691760585e+04,8.160288046660025429e+03,1.128748832232280392e+02
8.682270052329977625e+04,1.032454502420446443e+04,1.269638346395228581e+02
5.424856166635086993e+04,5.536959373096425406e+04,2.940209555319851233e+02
6.218877370410824369e+04,9.400245364168589003e+04,3.830078538612773400e+02
8.251044801681875470e+03,5.028513781984807429e+04,2.465579670582380061e+02
1.393537948963649796e+04,3.718571224005278054e+03,7.619607868522270167e+01
1.977422103784171122e+04,5.562376580352480960e+04,2.913330725052601906e+02
2.716282397805324217e+04,2.680052661274513866e+03,6.468688428433138426e+01
1.991980529941387204e+03,1.324353228276639527e+02,1.437958945133753197e+01
3.708809593406641943e+04,3.893781455488312349e+04,2.465628290298112688e+02
7.391483520267780113e+04,6.599157043159801106e+04,3.209877557472547664e+02
1.820759460869745817e+04,4.141373201342493121e+04,2.532709567781477631e+02
1.426127061510261046e+04,8.731766759859392550e+03,1.167604156140483127e+02
3.233407859700519111e+04,1.898910707215028378e+04,1.721856050185310494e+02
6.817118433151116187e+04,2.528886518505447020e+04,1.987052034874177480e+02
8.470665473709072103e+04,9.313072485528668039e+04,3.813171524442769282e+02
6.117796654256767397e+03,4.266081788973552466e+04,2.185042258489727374e+02
6.610855852450685052e+04,8.275337090191247989e+04,3.594334154511675479e+02
5.338405857219287282e+04,4.423170185758986918e+04,2.627914806344566614e+02
5.944779861732913560e+04,3.413465866005853604e+04,2.308566299609842360e+02
2.043404790581410634e+04,7.097614649247272610e+03,1.052690679607717499e+02
3.239272109498714053e+04,4.211388823409168253e+03,8.108812150404689589e+01
9.997564393499877770e+04,2.736633389234242713e+03,6.536614608738565835e+01
6.445447859381653689e+04,1.298852773507641723e+04,1.424047686373473880e+02
9.707864271859676228e+04,4.038919356204267388e+04,2.511176048515613672e+02
1.598717260957584404e+04,5.893521950563500286e+04,2.934678383010297580e+02
2.840769194638589852e+03,1.966828745463057203e+04,1.486872846189701249e+02
2.515578345138299846e+04,1.161077270931613020e+04,1.346403187857347064e+02
4.831109199239855661e+04,8.658733730856936745e+03,1.162710948160782038e+02
5.206025945714038244e+03,2.452204110949550886e+04,1.825296467971996606e+02
2.005279315171065537e+04,2.221114914780096296e+04,1.862194106730171086e+02
2.649901155823198133e+04,3.232251127828708559e+04,2.246376485138931969e+02
2.987741606107397729e+03,7.699013438633462647e+04,1.695357801195216609e+02
5.665807739314170612e+04,9.273562869659140415e+04,3.803354118489249345e+02
3.798604950789284430e+03,3.347705748922382918e+04,1.789281551122005567e+02
6.138598195158962335e+04,4.731940191633850918e+04,2.718092027881797890e+02
1.664175572190535377e+03,8.369978100068790354e+02,3.614986920839802309e+01
1.305727283226021245e+04,7.592627360517879424e+04,3.066806396568428568e+02
3.560593810129510075e+03,5.372687646701527410e+04,1.817731177965293057e+02
3.042044487623749092e+02,9.595184678363167041e+04,5.462463709169806236e+01
5.350098570032468706e+04,1.457702077733256942e+02,1.508616856240408133e+01
9.477126314545838977e+04,2.033982119485106523e+03,5.635314193685474748e+01
6.593663052279282419e+04,4.466173068920558080e+02,2.640659129328845367e+01
7.142385788857340231e+04,5.539823693241495494e+04,2.940982912795920470e+02
1.594755708578659141e+04,7.996095132115273736e+04,3.255952403990640391e+02
2.393222732901255586e+04,2.348517628460236301e+04,1.914874383746276862e+02
7.397425074487972552e+02,2.315501997999500236e+04,8.462241075614534225e+01
5.203331087011660202e+03,7.003420339359040372e+04,2.182516172625575166e+02
2.988748239018057211e+04,8.340265428534380044e+04,3.568823350854513023e+02
5.495936271257545013e+04,3.427642376494847122e+04,2.313355197867129789e+02
5.759915141365398085e+03,1.016555718453127629e+05,2.328790760749931792e+02
7.420635722517409886e+04,5.419374182224338483e+02,2.908835344195087202e+01
9.385131387774503310e+03,5.197926828747828404e+04,2.567924672200067562e+02
4.729168833633723989e+04,8.017831621885186178e+04,3.535987724056663524e+02
8.677200324021363485e+03,3.671621814310053014e+04,2.274413435465867508e+02
2.842618036302916516e+04,7.212030146491201594e+04,3.332010049904002358e+02
3.769525962549890392e+04,4.847012817498376535e+03,8.699246830623231119e+01
1.753107189102407574e+04,5.582114140787535143e+04,2.895689055857997687e+02
7.458859533654288680e+04,1.041943385128721644e+02,1.275459375291901942e+01
6.221521950724393719e+03,8.153347642178798083e+01,1.128268724187379490e+01
8.058977855363435810e+04,2.344459848210034761e+04,1.913224656495840748e+02
9.148563301839571068e+03,9.544133233630143422e+02,3.860226752417965201e+01
1.168572614332182275e+04,2.360222760347556687e+04,1.915837447956719757e+02
4.716231590462733038e+03,3.265029780422938074e+03,7.139834372068813195e+01
2.541676256717267461e+04,3.392948573357386408e+02,2.301617802549763780e+01
2.591662683097989429e+04,4.556859455369947796e+02,2.667333912089979009e+01
1.131981488394168446e+04,6.799920981965925603e+04,2.878114662714568226e+02
1.921161938921809633e+04,2.403556911433098321e+03,6.125926396485501613e+01
4.120974406508115862e+03,7.634116417233254469e+04,1.973441450995119339e+02
6.078706179412611527e+04,1.207761286432601264e+04,1.373204196080722284e+02
3.933667577738647378e+04,1.647854094239448841e+03,5.072288499535196848e+01
7.779477231918105099e+04,4.200654648999917117e+04,2.560961552673516621e+02
2.550998560351061315e+04,8.674292814079360687e+04,3.589837974303633814e+02
1.015730193425238103e+05,4.910261865133836181e+03,8.755821441790357085e+01
3.035967812973265973e+04,9.032544474954185716e+03,1.187543765067421191e+02
3.560533742448849807e+04,8.043073843629364274e+04,3.530115887633124885e+02
1.565533303844711736e+04,5.885721466710577806e+04,2.926082051120872620e+02
2.034769370252291537e+03,3.526306606784592645e+01,7.420011953549376038e+00
6.379657925746646470e+03,2.021514652482737574e+03,5.618016576473333856e+01
7.211654292590767909e+03,5.813690576037683059e+03,9.527313420344336237e+01
6.434963485859596233e+01,5.398219450406391115e+04,2.512485052307795996e+01
3.964600729629956186e+04,5.728635903399734525e+04,2.990181833076059092e+02
2.696987349645228096e+04,5.292773114139326208e+04,2.869901539672770809e+02
2.111427366699171762e+04,4.825351374072974431e+04,2.733580033311599209e+02
1.708680478801822755e+04,5.971462297422299162e+04,2.970741721485971425e+02
5.882227906227732456e+04,2.472850396743901001e+04,1.964913746832831123e+02
1.025321472949947201e+04,7.624500724932880985e+03,1.091064071138357576e+02
1.767066588321623931e+04,4.515759617070880631e+04,2.635916004622671380e+02
5.923370124622881121e+04,5.342417462149677704e+03,9.133000472821130700e+01
3.819913662826648942e+04,6.758751800981601991e+04,3.245789051786605910e+02
3.131853093924205314e+04,3.893233624201095517e+04,2.465370065328555711e+02
6.245245137290818093e+04,2.000320741459682381e+02,1.767235343781000623e+01
6.588842152784537757e+04,5.964531325815494256e+02,3.051636012861170499e+01
1.327507978849923893e+04,5.301562865515962039e+04,2.755886903428897767e+02
1.753223902998037320e-01,2.930953758955506783e+04,1.311454401811679382e+00
1.151711981554058912e+04,3.692471695833579724e+04,2.353863618428750328e+02
4.616363976804383128e+04,4.155987481436484813e+04,2.547307113540902890e+02
2.107987584638177850e+03,1.815432910098203138e+04,1.328648223501955385e+02
3.238730225019264981e+04,5.456595713965407776e+04,2.917125593291851260e+02
4.088884607469979528e+03,7.670644068021608109e+04,1.966632908460597093e+02
9.741276696564481244e+04,6.654499684428792250e+01,1.019300586052649393e+01
1.357898612218920425e+04,4.956136094995382336e+03,8.796627084000650143e+01
5.552450055903661996e+04,9.617900782002873893e+04,3.872377698773349266e+02
3.308806416172472382e+03,8.146932405342687389e+02,3.566495053469530063e+01
1.158180309806217338e+03,4.620711769498378089e+03,8.137156087009749683e+01
6.418858489955506229e+04,1.152288334618132239e+03,4.241555481418264151e+01
1.486482005354251851e+04,6.314173913016733422e+03,9.928938926149444910e+01
4.257853206855133067e+03,5.841983147019501303e+03,9.549463970840488969e+01
1.006701081992776162e+05,3.655422780708329810e+04,2.388984744933048887e+02
3.948753903427063051e+03,1.493070369834935809e+04,1.472756990981399952e+02
5.832414837356264798e+03,1.422610987402767387e+04,1.481746438084361444e+02
3.264366609724632508e+04,4.733953427092891070e+04,2.718201576384874443e+02
7.860215712916696248e+03,9.182917101390861717e+03,1.197362483467604477e+02
4.154541044548314410e+00,3.694268776444727109e+02,6.378742287803230049e+00
9.649194615660821728e+04,2.634268279457975041e+03,6.413196851507886720e+01
3.505313410484249471e+04,2.987177275888386134e+02,2.159608697870473293e+01
2.523074255117816210e+04,6.161768572201138159e+04,3.083666701173066826e+02
8.945595433222384600e+03,8.786586462279966554e+02,3.703860855481801906e+01
9.167596349601256952e+04,3.264817477062991748e+04,2.257740496185965640e+02
1.775896206206512215e+04,1.593494455381813850e+03,4.987924232540386527e+01
5.874385637932300597e+02,1.110886337008057671e+04,7.456324393472370105e+01
2.814532737688555699e+03,1.274286453313120182e+04,1.325195198677772339e+02
6.005166492715234926e+04,4.510007509898156422e+04,2.653586069087326678e+02
1.228498032790727120e+04,4.978148424049723690e+04,2.665153774628461747e+02
5.599590286700279103e+04,1.377448835145397425e+04,1.466500811254946370e+02
1.771794946606435406e+04,7.202107595901135937e+03,1.060411361265282011e+02
2.807974306276571224e+04,2.268630184078633829e+04,1.882029151884265445e+02
5.589875866588194185e+04,2.975221083468116376e+03,6.815601518009228243e+01
2.352514778242603643e+04,1.150048903592831630e+04,1.339993598542435507e+02
9.678145433173779111e+01,4.518513481454680004e+04,3.081182813333865411e+01
8.567553663110490015e+04,9.237938934606318071e+04,3.797767234125205391e+02
5.655715466408247266e+03,2.227505232784230611e+04,1.789677099151395510e+02
2.190882371864765810e+04,3.375574412201072118e+04,2.295058584365665695e+02
3.965256398832211562e+04,1.617936820449861273e+02,1.589371235350209588e+01
1.497401365908130538e+04,1.692320435541393636e+03,5.140269258727767010e+01
2.232169800872228370e+04,1.548594479964767174e+02,1.554939238269208701e+01
9.567985037954055088e+02,8.923372119892503542e+04,9.680918509026804486e+01
6.651237703704350861e+04,1.690579430817242246e+04,1.624659520376715989e+02
8.168455638941920824e+02,6.336765166104571108e+04,8.941911707077795768e+01
8.418362296862655785e+04,1.102002846885258077e+04,1.311704256209647497e+02
9.104971981483871787e+03,2.239445857941804570e+04,1.858622248662369714e+02
6.219768182204913319e+04,5.722335744463500305e+04,2.989033133385282781e+02
5.824453414072493615e+03,6.731613591482663469e+04,2.282612906903875114e+02
8.781772702906040649e+04,3.764704780684301568e+03,7.666727587440237812e+01
1.853833994564053501e+04,5.063871885748504428e+04,2.783698385246000271e+02
2.995365820536439060e+04,5.533170147224317770e+04,2.935953770507420586e+02
1.946597812431129114e+03,2.190561381736159819e+04,1.316490408014929017e+02
5.343552589969933615e+04,1.835123601808958483e+04,1.692689225926192478e+02
1.476355228474074366e+01,3.189357915526842771e+04,1.203453528500899417e+01
4.484475325611560402e+04,2.638406155616755495e+04,2.029623090292208190e+02
1.490048674605995075e+04,1.694401506549050680e+02,1.626495005273587680e+01
2.302110115403599048e+04,1.033574996911295329e+03,4.017127045391336537e+01
6.645732861454472004e+04,3.012557602198509812e+03,6.858233216346030758e+01
9.899532846921883174e+04,8.791808145081051043e+04,3.704958602645544943e+02
2.993060955521029973e+04,3.287628231633690302e+04,2.265589643004620655e+02
3.473074218863550777e+04,8.057072770104873882e+01,1.121587634564169100e+01
1.576142129637811377e+04,1.882730440681847028e+02,1.714504549067632411e+01
5.426560995392699260e+04,8.289161381937783153e+04,3.596530315710399464e+02
5.549208227276470279e+04,7.416208389686391456e+04,3.402512325121502386e+02
5.147744262382492889e+04,2.314229018953277046e+04,1.900849518094865687e+02
7.632998558007885003e+04,4.915630095860705296e+03,8.760606362760147192e+01
6.463618514916254207e+04,3.414881153568116861e+04,2.309044838270262119e+02
6.463512669082175853e+04,1.802305432403596205e+04,1.677485463353910689e+02
6.809925231693974638e+04,4.906151413901503838e+04,2.767674622505219304e+02
5.876023743781976918e+03,7.022707426515170482e+03,1.047092552368121261e+02
7.243860974642797373e+03,1.983118137051075246e+04,1.741847992290672096e+02
4.808432117586438108e+04,2.020466097242105434e+03,5.616559361013496954e+01
3.678472520444070597e+03,7.640737401521984430e+04,1.871470938076353434e+02
5.401598001034873596e+04,5.878149622519503464e+04,3.029428401914769893e+02
8.141698174519278109e+04,7.762696726737446443e+04,3.481369011357197678e+02
6.697673089457124297e+04,5.274240477127071244e+03,9.074538200775384666e+01
